Coord_X,Coord_Y,Elevation,Slope,Dist_to_Water,Landslide_Label
103.64883020734396,22.407801025898376,2162.2,10.939658,7675.690521552271,0
103.63912840227547,22.510747957458474,1436.5212,9.194802,172.22068167952926,0
103.72321071286906,22.467089834650263,1126.9977,0.92740995,3955.9112292451355,0
103.748273709296,22.6560055389006,414.43442,14.847849,1825.4177740432176,0
103.6747016875266,22.753293084170743,218.78293,14.455927,868.7572737029433,0
103.63805042393453,22.562760412408995,1248.8516,5.895491,338.8088937571698,0
103.82993056862246,22.61046095399574,118.96294,12.739196,173.4067213260102,0
103.69275782473741,22.50185463614569,759.2969,11.786538,552.9722627955438,0
103.78761991874043,22.555484058607625,504.20145,13.327265,3084.347000974188,0
103.66958129040712,22.44849470826899,1342.7463,4.1128254,4190.040749280161,0
103.83639843866813,22.593752289711116,171.24892,14.048427,857.5634660985093,0
103.6482912181735,22.61369488901857,1710.242,13.079756,1185.3472785740234,0
103.5701377884551,22.709904455947772,467.43704,6.223344,13.221857438163674,0
103.67631865503802,22.67433117069664,1309.1237,1.0050782,6091.645314762774,0
103.9129349008751,22.50832250619135,86.76466,0.92740995,199.99894257522104,0
103.56879031552891,22.622049221160882,1902.0505,8.89663,1178.999486896676,0
103.65987948533864,22.589170881762108,1149.5298,13.11825,74.4116235321116,0
103.7280616154033,22.48757142312819,990.14594,12.695718,3752.308581571636,0
103.68305601966892,22.51425138706654,836.1195,7.98009,1141.4866823336959,0
103.7566280414383,22.680799040742297,155.04706,8.972969,670.8405125791295,0
103.59250583902967,22.54605174812437,2009.7644,13.34533,2705.068753127007,0
103.74099735549463,22.4921528310772,886.54095,12.200386,4597.246276979027,0
103.61244843833713,22.6454952500764,1605.2007,12.8061075,2744.9657980965876,0
103.9016161282952,22.524222686720265,93.877686,1.3666443,1206.0586386549735,0
103.63670295100835,22.607496513558146,1634.4076,9.682775,1085.8430569717189,0
103.85391558670845,22.57515716332984,104.38713,7.041439,1302.3528513024696,0
103.63050457554793,22.755449040852632,495.3284,7.526736,2164.7786951652506,0
103.70138165146496,22.66705481689527,641.13086,9.660178,5264.654474828619,0
103.62026378130896,22.438253914030028,2576.8455,9.674918,6131.187444686847,0
103.6693117958219,22.59159633302923,1067.2843,6.112884,836.1544413988523,0
103.66499988245812,22.547129726465315,1262.2247,13.911861,1980.0891948966218,0
103.581456561035,22.68268550283895,1567.2843,14.823667,1087.8637160663477,0
103.61595186794518,22.640105358371684,1696.1866,3.1510515,2670.612276181183,0
103.82481017150297,22.56815030411371,428.38416,5.547545,3672.1451040460547,0
103.68090006298704,22.518563300430312,824.0868,11.378307,1657.9358894230431,0
103.68790692220317,22.513981892481304,746.1146,10.286179,852.4707536766178,0
103.83235601988959,22.591865827614466,217.61072,4.417038,1322.5889456935138,0
103.71701233740863,22.472479726354983,1151.6451,5.5122056,4469.143307534576,0
103.66419139870241,22.541200845590126,1049.6931,13.345289,2143.3955419825,0
103.91050944960799,22.501585141560454,101.600624,11.786522,71.63235406028812,0
103.64505728315066,22.664090376457676,1951.5651,13.68246,6667.474464023657,0
103.6738932037709,22.527995610913568,856.48566,12.8656845,1861.2489023835176,0
103.63346901598553,22.46547286713885,1930.9995,11.428248,2905.889040099054,0
103.62942659720699,22.64684272300258,2017.0127,13.60196,4229.235302325109,0
103.77414518947865,22.48379849893489,1692.3004,4.6273675,6727.461735051499,0
103.94635222944436,22.48218153142347,132.5,2.9553704,9.430382944470397,0
103.67254573084472,22.67352268694093,1317.3762,8.041492,6355.35861528359,0
103.79112334834849,22.498081711952388,1771.2087,12.029477,5101.0299247494695,0
103.79031486459279,22.64306979880928,124.81722,12.773477,829.1219588756074,0
103.65395060446345,22.53042106218069,1025.0459,9.19577,2639.1832567368097,0
103.65826251782723,22.445530267831394,1517.4047,11.78325,4295.681155636447,0
103.64694374524731,22.692656802492678,1186.9478,13.784636,6715.226623744366,0
103.56286143465373,22.60210662185343,2104.1018,11.0661,2212.4427618650857,0
103.67335421460042,22.655736044315365,1526.8236,13.424895,6455.566559084039,0
103.66257443119099,22.642530809638806,1697.8221,7.4454784,4672.4641214389585,0
103.69275782473741,22.73281149569282,381.53113,12.71481,1304.008491097991,0
103.9301825543302,22.52988207301022,77.5,0.0,0.0,0
103.81483887184925,22.564107885335172,315.91785,8.804623,4634.567421374254,0
103.93988435939869,22.507514022435643,107.573715,14.236466,1781.7893996611517,0
103.81106594765595,22.472210231769747,993.6179,14.271531,3377.0403742838976,0
103.9579404966095,22.46978478050262,130.90802,7.5566745,412.67319423194095,0
103.64640475607685,22.634715466666968,1875.1553,5.0411773,3492.839853649383,0
103.57552768015981,22.64684272300258,1073.2798,14.846915,171.7776964149794,0
103.74881269846647,22.604262578535316,934.97003,8.15339,2928.422351384606,0
103.63427749974123,22.588631892591636,1963.9032,12.0430765,1988.3714100901695,0
103.78923688625184,22.649268174269704,138.07779,10.787222,1100.342764348805,0
103.60732804121764,22.662742903531495,1430.4963,1.0049927,2855.1011585257816,0
103.63212154305934,22.642530809638806,1964.7086,6.113846,4223.5187091777225,0
103.82885259028151,22.46466438338314,720.82996,10.5176735,2761.485430825549,0
103.79759121839416,22.521797235453143,1281.5975,11.329686,5730.4725481499045,0
103.61622136253042,22.564107885335172,1271.6035,8.788604,339.4698823426046,0
103.77360620030817,22.66193441977579,139.08086,12.806117,1151.791670031772,0
103.9406928431544,22.45038117036564,141.15971,5.8949423,548.219266583803,0
103.71835981033482,22.437984419444792,1661.2977,14.344472,849.5932844428112,0
103.67038977416283,22.574348679574136,843.0651,4.0945325,45.26961262600867,0
103.74342280676176,22.521797235453143,678.0687,12.118031,2095.306439434561,0
103.68898490054411,22.478408607230172,857.43896,9.676769,2294.1609371328036,0
103.71135295111868,22.426935141450123,2300.638,13.682343,1168.1266510910186,0
103.74396179593222,22.67621763279329,126.92767,5.8960476,1429.4496719579085,0
103.69653074893071,22.498351206537624,673.2988,8.376643,1012.6406833641074,0
103.79354879961562,22.658161495582487,105.27013,3.1514294,185.50162410186462,0
103.74315331217652,22.67540914903758,167.11125,14.696085,1546.3948298126702,0
103.67982208464609,22.651963120122062,1525.242,10.431894,6397.100575300147,0
103.89892118244283,22.450920159536114,1216.3054,3.147117,1190.6620436361577,0
103.63346901598553,22.634176477496496,1972.2244,2.955745,3673.3937644591806,0
103.92425367345501,22.509130989947057,167.68268,11.533553,946.9160541736477,0
103.94096233773963,22.46870680216168,114.28754,9.404278,1588.619373004572,0
103.83639843866813,22.465742361724086,654.51086,12.915797,2439.4155558923453,0
103.63805042393453,22.663551387287203,2006.774,9.485926,6008.495803734405,0
103.75231612807454,22.658161495582487,342.00293,12.092121,1907.9295437289597,0
103.7633654060692,22.65654452807107,273.63223,12.022805,1534.4928894179689,0
103.69060186805552,22.688075394543667,874.46747,13.682471,4113.907056828755,0
103.82507966608821,22.455771062070358,1278.3156,8.803841,3819.556062585183,0
103.92398417886977,22.52853460008404,109.453674,6.3024015,387.57935436920036,0
103.64290132646877,22.608843986484324,1590.8673,13.952615,713.0456559178734,0
103.80567605595124,22.62339669408706,244.21765,3.1507032,457.42354357200713,0
103.81726432311638,22.627169618280362,105.61922,7.0433474,58.6319041280153,0
103.69572226517501,22.457388029581775,1264.0817,13.318835,3989.532535206374,0
103.73210403418184,22.68861438371414,130.65923,12.973344,1385.8069097528378,0
103.92614013555166,22.456849040411303,179.60654,13.656136,2002.3877476441148,0
103.69329681390788,22.679990556986592,795.2349,12.192006,4904.884660210865,0
103.65826251782723,22.452806621632764,1422.8291,9.478245,3492.087314774602,0
103.78869789708138,22.653041098463007,121.24325,7.9575567,894.5283351489214,0
103.62215024340561,22.646573228417346,1794.7319,14.496775,3617.766724568249,0
103.8558020488051,22.561412939482814,381.63406,6.07423,1895.3951839037238,0
103.78788941332567,22.625013661598476,456.68503,13.68244,972.3078406374261,0
103.68844591137363,22.735775936130413,346.49127,14.504928,1280.6614367537506,0
103.67443219294137,22.59348279512588,1146.5981,3.8378203,1397.9750738247092,0
103.70650204858444,22.57488766874461,1386.1736,11.33295,2845.608338941037,0
103.55801053211948,22.634445972081732,1377.3231,13.384958,430.53773992011327,0
103.86388688636218,22.50508857116852,747.2617,12.179467,2016.9829156990593,0
103.92317569511407,22.505627560338993,224.38881,12.915881,884.1764215419067,0
103.74719573095506,22.547938210221023,529.8975,14.783823,421.7865397274018,0
103.8045980776103,22.472479726354983,1311.5935,9.192925,3953.1326373692195,0
103.92829609223355,22.48299001517918,314.8911,8.144796,1214.7836499638292,0
103.56286143465373,22.59348279512588,2174.6724,14.048401,2959.128669661046,0
103.69033237347028,22.61638983487093,2426.3945,8.348091,4185.535868494587,0
103.61244843833713,22.74763369788079,378.40866,12.427357,834.4774175653345,0
103.72374970203953,22.715563842237724,182.88744,9.686946,717.38162245101,0
103.65044717485539,22.784554456058103,237.21538,2.214366,681.9462255169955,0
103.66149645285005,22.607496513558146,1412.6344,9.199555,1334.9633270895683,0
103.75150764431882,22.673792181526167,177.35469,10.144448,1434.2825176474626,0
103.93260800559732,22.49457828234432,187.31364,10.003915,967.4531520174697,0
103.6024771386834,22.430169076472954,2713.971,12.936471,7947.381193082248,0
103.79031486459279,22.53769741598206,472.37973,11.883978,4635.822851353309,0
103.71943778867576,22.729577560669988,96.5,0.0,0.06157438326547936,0
103.8595749729984,22.48487647727583,533.78925,14.026569,160.28956151242593,0
103.66769482831047,22.457657524167008,1283.4944,4.413518,3158.111703532443,0
103.58037858269405,22.668671784406683,870.8783,12.458664,167.3059160281578,0
103.919672265506,22.498890195708096,113.30727,2.10826,861.1853226859075,0
103.64478778856542,22.578930087523144,1490.6711,12.016357,1454.2554361098441,0
103.70488508107303,22.56491636909088,1348.6271,10.928262,2364.8789118538293,0
103.80432858302505,22.495656260685266,1453.8519,6.8298926,3717.3479569604297,0
103.78573345664378,22.535271964714937,507.53903,12.293409,4311.096876648222,0
103.76174843855779,22.530960051351162,748.746,10.783465,2146.2193906725643,0
103.73830240964227,22.683224492009423,135.09889,8.899038,1252.694532870681,0
103.64883020734396,22.68026005157183,1880.2179,6.2848277,7304.130153314873,0
103.89703472034618,22.522336224623615,112.498375,10.948417,1481.0496361766297,0
103.6167603517009,22.572192722892247,1340.4779,9.6595545,898.8982208954098,0
103.72617515330666,22.461969437530783,1232.0859,5.894999,3409.032324413007,0
103.8310085469634,22.449303192024697,873.14,12.827332,4259.253927478777,0
103.76525186816586,22.59348279512588,579.3214,13.906401,1002.9487342250626,0
103.74126685007987,22.47140174801404,1065.6794,5.5121922,4828.813329634996,0
103.85607154339034,22.567072325772767,165.35687,12.456639,1617.415724527611,0
103.75042966597789,22.665437849383856,283.35095,12.6137705,2365.8442570044317,0
103.88894988278912,22.543626296857248,109.08238,4.734137,237.96295700561265,0
103.61083147082572,22.758682975875463,266.55142,8.790856,122.44918656009207,0
103.8091794855593,22.478678101815404,1132.4178,9.47918,3262.882912213347,0
103.59277533361491,22.660317452264373,1062.5781,6.541205,1418.5627342607597,0
103.94931666988195,22.45226763246229,89.0,0.0,32.645674338495205,0
103.66041847450911,22.591057343858758,1165.9258,7.5906143,95.20442417276846,0
103.66958129040712,22.582164022545975,967.77686,14.866507,424.75909058257395,0
103.64397930480972,22.69616023210074,1021.8929,13.241185,6799.589136987874,0
103.59843471990486,22.562221423238523,1529.4958,14.027904,2180.424545832858,0
103.90296360122137,22.526378643402154,111.40299,11.787967,980.1960305762215,0
103.77333670572293,22.641722325883098,261.7951,11.036609,845.7548430434763,0
103.58900240942161,22.53042106218069,2704.2722,7.9810247,1257.6320835361153,0
103.63697244559359,22.624205177842768,1856.7795,7.445461,2514.107760765163,0
103.82211522565062,22.596447235563474,372.54285,10.005058,1916.426229038209,0
103.63966739144594,22.703167091316875,853.0253,11.925062,6073.899757016876,0
103.60732804121764,22.661664925190554,1438.116,5.096823,2863.8117308755477,0
103.88625493693675,22.566533336602294,144.41928,13.913457,157.52591063624817,0
103.77145024362628,22.543895791442484,601.8325,12.030132,2792.7076889077093,0
103.7730672111377,22.675948138208053,115.358185,4.419253,451.7021297816839,0
103.70865800526633,22.69292629707791,482.2811,3.1521628,3064.563240652625,0
103.6348164889117,22.71529434765249,650.25385,7.5924954,4914.194114740278,0
103.72860060457378,22.46628135089456,1175.4169,4.092811,3915.8548640837216,0
103.81025746390024,22.563838390749936,302.62094,2.2114346,4381.15846849451,0
103.752855117245,22.672714203185222,162.28731,7.061084,1544.925865345863,0
103.67955259006085,22.688344889128903,809.2052,7.001916,4577.779889177999,0
103.66230493660576,22.701819618390694,716.7017,10.929496,4841.408827370218,0
103.76740782484774,22.67621763279329,158.90576,11.883978,725.6432795251443,0
103.77710962991624,22.656814022656306,150.3505,6.283859,1308.890313909782,0
103.81618634477543,22.62797810203607,112.80407,6.303425,49.3560434871705,0
103.64586576690637,22.415346874284978,2100.1577,12.765682,7674.051573926001,0
103.6558370665601,22.78347647771716,292.70248,5.547545,711.8453708353,0
103.88194302357299,22.56249091782376,82.5,6.831016,0.0,0
103.63885890769023,22.746825214125085,947.7889,6.765263,3197.478407417447,0
103.87062425099307,22.55063315607338,183.81416,9.148331,922.7941117351785,0
103.57983959352359,22.700741640049753,886.71313,0.92740995,1373.502049377705,0
103.78411648913236,22.66705481689527,90.5,9.486048,0.0,0
103.63885890769023,22.67540914903758,2049.377,8.150849,6205.128710522926,0
103.86873778889642,22.55440608026668,151.82858,12.8418,994.7620236404606,0
103.66580836621382,22.45954398626366,1277.6162,10.943605,2923.939469078213,0
103.72401919662477,22.436097957348142,1680.7788,11.923887,545.8131966985883,0
103.74018887173892,22.509939473702765,901.9013,11.807899,3397.39183674793,0
103.7490821930517,22.602376116438663,984.2204,12.0309725,2831.9254072566155,0
103.62295872716132,22.42235373350111,2727.5713,12.690681,7544.3449863810165,0
103.64020638061642,22.779164564353387,252.20718,8.891944,882.0922544181178,0
103.6536811098782,22.55117214524385,1223.3193,7.6413493,1463.7000701190984,0
103.81052695848548,22.558987488215692,332.8352,4.7341604,4834.49401131803,0
103.92614013555166,22.455232072899886,197.64948,11.530945,1825.7164530338373,0
103.6986867056126,22.740896333249893,171.59311,8.379948,527.8823938266077,0
103.64667425066207,22.40887900423932,2128.6843,13.235871,7871.919966430933,0
103.84178833037284,22.594021784296352,96.61817,2.7324793,386.17865267674546,0
103.96494735582563,22.474905177622105,90.945656,4.092948,209.74844261218726,0
103.91320439546034,22.4854154664463,245.5489,14.046627,1212.55728720683,0
103.7054240702435,22.472479726354983,1415.7703,14.126185,3854.508145851529,0
103.86927677806689,22.574618174159372,92.093575,7.5602393,38.86546212107865,0
103.93045204891544,22.505627560338993,141.79852,9.18369,1619.121906824672,0
103.6574540340715,22.638488390860267,1736.2107,8.194255,4078.541887097695,0
103.68278652508369,22.607496513558146,2410.4907,12.29745,3013.090041861687,0
103.92506215721072,22.45954398626366,177.92538,13.106879,2285.294387524784,0
103.66985078499236,22.724726658135744,791.5063,12.206829,3335.2707172505056,0
103.82534916067345,22.496464744440974,1746.0918,7.445338,1747.8023389332127,0
103.92344518969931,22.503202109071868,278.05774,2.9554222,983.3953158783502,0
103.86226991885077,22.505358065753757,789.8142,8.438361,1965.8695274210766,0
103.76929428694439,22.669210773577156,162.26764,14.453993,1142.3233731742323,0
103.67631865503802,22.615850845700457,2417.404,10.809069,3059.1396233725213,0
103.71916829409052,22.664898860213384,554.17487,14.980342,4041.622679475829,0
103.73587695837514,22.662473408946262,286.16895,6.2840896,3144.8741568298124,0
103.73964988256844,22.608574491899088,1017.22284,14.051419,3659.571882940892,0
103.65475908821915,22.651693625536826,1743.9471,13.60236,5444.45177842507,0
103.75851450353495,22.65384958221871,416.3135,3.428467,1290.866132001934,0
103.81888129062779,22.576235141670786,357.41956,4.6273675,3455.7380315450164,0
103.75231612807454,22.48757142312819,922.4098,2.9553833,5867.006240967879,0
103.66203544202052,22.59671673014871,1227.513,14.822262,568.6294222257688,0
103.68009157923133,22.549824672317673,837.9764,8.1522,406.353219879589,0
103.71162244570392,22.727152109402866,126.88797,5.014997,153.85003206007377,0
103.94904717529671,22.45819651333748,92.77583,6.604023,451.9278896019243,0
103.65260313153726,22.531499040521634,1054.4347,9.147133,2682.4244248680934,0
103.85337659753799,22.576235141670786,105.21233,9.374136,1270.4359866163643,0
103.81456937726402,22.632829004570315,93.46734,9.473432,94.83652866276083,0
103.84286630871378,22.475983155963046,710.39746,13.906042,1334.3226225040714,0
103.88598544235153,22.48029506932682,122.711334,12.290343,83.487655463065,0
103.66338291494671,22.729038571499515,691.77673,10.504976,3374.7981348682156,0
103.65179464778156,22.651963120122062,1788.3488,5.3410053,5433.156528917192,0
103.75231612807454,22.532038029692107,613.4688,9.676088,1346.992575753707,0
103.8520291246118,22.58000806586409,92.26055,2.1085403,1076.9190163422431,0
103.65691504490104,22.56572485284659,1068.4243,4.734171,447.59979954861774,0
103.68251703049845,22.548746693976728,733.24274,13.593655,180.252270486826,0
103.94338778900676,22.504280087412813,155.11598,14.703273,1361.0501685909949,0
103.76013147104638,22.624205177842768,706.0634,9.650416,1280.6854849564018,0
103.69653074893071,22.499698679463805,665.0363,4.73407,870.879740147278,0
103.62403670550226,22.56572485284659,1201.6448,11.482283,9.771013626456213,0
103.81429988267878,22.565185863676117,305.81314,5.093389,4506.748392264368,0
103.57579717474505,22.701280629220225,855.54895,12.806138,1052.5146269766153,0
103.60571107370623,22.752484600415038,266.60324,3.429312,139.60832509184678,0
103.64694374524731,22.681068535327533,1908.987,5.0975184,7128.7441589369555,0
103.95066414280812,22.454154094558945,88.5,4.7340007,8.055477972479132,0
103.71512587531198,22.458466007922716,1288.0927,13.469828,3095.896836852716,0
103.64694374524731,22.61638983487093,1753.2535,9.683189,1465.8260963375606,0
103.88625493693675,22.54524326436866,110.72347,2.007654,432.9988408948358,0
103.66473038787288,22.441218354467622,1433.9384,12.805999,4855.632535319734,0
103.93665042437586,22.50886149536182,129.99179,11.807821,1832.8335545885627,0
103.70084266229449,22.450650664950878,1601.9423,2.9552927,3089.318732036211,0
103.65395060446345,22.630403553303193,1858.3114,2.7802885,3119.293606230567,0
103.63535547808218,22.53634994305588,1344.8755,13.7843275,2674.1668388579446,0
103.62888760803651,22.758682975875463,432.44232,14.259819,1881.4037145786822,0
103.94769970237053,22.473288210110688,240.41095,12.238116,996.493264674116,0
103.79004537000756,22.65789200099725,138.12964,14.804555,484.36015757260645,0
103.79813020756463,22.64118333671263,108.31169,1.3672704,687.8131200994629,0
103.83558995491241,22.576774130841258,312.42914,10.220949,2237.746476340174,0
103.57741414225646,22.559256982800928,2079.2473,13.044663,4366.205980298513,0
103.60651955746194,22.58431997922786,1637.8192,10.99349,2570.06346981291,0
103.7318345395966,22.68915337288461,130.26408,1.3675289,1351.0484947039704,0
103.63831991851977,22.404567090875545,2190.6929,4.8713903,8807.742075946091,0
103.56905981011415,22.617737307797107,1948.3644,7.5202703,964.9574925558836,0
103.85526305963464,22.57515716332984,99.36808,4.7685227,1195.5875108653422,0
103.60894500872907,22.69184831873697,1831.0005,8.197238,3915.3765441243518,0
103.74773472012552,22.677026116548998,126.67735,3.4286642,1193.0009899670238,0
103.66607786079906,22.61234741609239,1890.5693,10.498625,2048.6072829226855,0
103.79516576712703,22.634984961252204,192.4084,10.188445,243.26746933525928,0
103.63508598349694,22.41211293926215,2434.9563,3.7047918,8216.724026552005,0
103.66985078499236,22.70801799385112,543.8895,2.2133465,3835.236611249584,0
103.61163995458142,22.760299943386876,279.24402,10.066186,260.98535692661096,0
103.58361251771689,22.651154636366353,1356.7885,10.928321,882.8393987329557,0
103.576875153086,22.481642542253,2218.6897,4.7340426,3849.2056697434705,0
103.93045204891544,22.505897054924226,152.68538,12.179524,1613.4704858264902,0
103.7453092688584,22.553867091096212,518.6066,6.6077514,183.55792095958157,0
103.67551017128231,22.572192722892247,804.9761,3.010529,126.66406350034572,0
103.88679392610723,22.567341820358003,143.92531,11.923963,181.1477096634066,0
103.80109464800222,22.605340556876257,110.86587,10.498249,184.56813412287053,0
103.63427749974123,22.58431997922786,1867.918,7.445422,2032.7511872871019,0
103.67524067669709,22.633367993740787,2063.6086,0.92740995,4440.472577035522,0
103.61244843833713,22.535271964714937,2189.2644,11.036542,1845.859824425744,0
103.66526937704336,22.44391330031998,1433.7388,6.275073,4574.173223408368,0
103.89326179615288,22.460621964604602,836.26245,14.731998,2103.3604737112532,0
103.64667425066207,22.516676838333662,1447.1835,13.041468,945.953390911598,0
103.891105839471,22.52934308383975,111.28399,11.430718,1194.2431690351573,0
103.76956378152963,22.625822145354185,366.8882,13.423369,332.00048430289127,0
103.78869789708138,22.63983586378645,158.79788,13.95275,494.3901173442096,0
103.66985078499236,22.44984218119517,1338.5723,6.2158017,4047.054390189834,0
103.78977587542232,22.548477199391492,393.63974,4.2111683,3729.3397209090026,0
103.66526937704336,22.654388571389184,1658.4857,10.286562,6000.747168370144,0
103.58900240942161,22.549555177732437,1867.4569,7.641343,3164.2205656199485,0
103.80648453970694,22.58647593590975,479.13785,14.491286,2126.3254729444147,0
103.76875529777392,22.677295611134234,177.90665,13.083789,544.0286603336946,0
103.70299861897637,22.536080448470642,787.5471,5.3370757,675.1558219641032,0
103.67928309547561,22.754371062511687,140.79155,9.161157,385.56503637585973,0
103.71889879950528,22.4854154664463,1026.3406,13.237275,3296.9524189841045,0
103.91347389004558,22.503202109071868,89.89989,2.7315133,128.71947947610948,0
103.90754500917039,22.543895791442484,90.296745,3.7047918,514.4225149408663,0
103.63589446725264,22.47652214513352,1393.9839,10.428949,1902.5065879125714,0
103.72240222911336,22.505358065753757,946.33704,8.438361,2216.737944671382,0
103.69410529766358,22.705592542583997,484.1592,10.962566,2178.4385646430874,0
103.74477027968793,22.686727921617486,117.79259,8.2891,483.35609489498444,0
103.60948399789953,22.591057343858758,2066.8918,10.785376,3117.363812096054,0
103.5978957307344,22.70155012380546,1062.8485,10.937009,2935.058905561554,0
103.86200042426553,22.556831531533806,276.6837,7.6413713,1571.5354028517397,0
103.66715583914001,22.457388029581775,1281.8206,4.413511,3180.51152943677,0
103.61783833004185,22.74439976285796,356.1097,8.379996,1480.5254702882567,0
103.66176594743528,22.64306979880928,1693.8419,1.0048484,4699.201231461984,0
103.64128435895736,22.694812759174564,1097.1715,13.097522,6777.506067387759,0
103.72536666955095,22.710173950533008,122.0498,11.166529,998.7810424533297,0
103.7234802074543,22.706401026339705,172.29903,10.812831,1336.7303343640287,0
103.69760872727166,22.74062683866466,180.29425,6.224237,568.6236838082954,0
103.83639843866813,22.56087395031234,610.93115,10.584739,3678.045512281376,0
103.84475277081043,22.538775394323004,336.60516,12.769899,3620.2583003883346,0
103.90943147126704,22.544434780612956,118.66085,9.247961,337.87076321477934,0
103.69464428683406,22.73604543071565,324.2367,4.212468,1094.1063705085012,0
103.64209284271307,22.76730680260301,491.1543,13.242516,2199.0013737029376,0
103.60436360078005,22.560065466556633,1420.2516,14.241322,1631.356148747372,0
103.63912840227547,22.56572485284659,1078.9763,6.541101,14.601363097623013,0
103.93233851101209,22.465203372553614,158.56514,8.029664,2239.141408532149,0
103.92209771677312,22.528804094669276,105.21582,1.8543341,424.9246971647983,0
103.8873329152777,22.481373047667766,117.31727,12.085674,10.010521225401272,0
103.78654194039949,22.65735301182678,159.42952,13.693047,715.1117606888879,0
103.7310260558409,22.47894759640064,1060.9202,11.532086,4638.819869705997,0
103.69733923268642,22.57839109835267,1582.5255,8.036066,2267.403314173162,0
103.90377208497709,22.517215827504135,95.11743,5.0916834,977.6214377265237,0
103.8024421209284,22.62609163993942,195.78107,14.283774,115.9122410715341,0
103.82750511735534,22.571114744551306,345.8521,12.962844,3243.036203852952,0
103.74638724719935,22.606957524387674,975.47864,13.916766,3075.10303849721,0
103.67065926874807,22.43286402232531,1513.078,4.7665806,5342.090114644107,0
103.82157623648015,22.468437307576444,937.85767,12.733014,2804.5244691172766,0
103.7474652255403,22.674061676111403,150.65855,14.029849,1509.171662896921,0
103.71835981033482,22.730655539010932,97.0,0.0,0.06047035682150695,0
103.67416269835614,22.482451026008707,1321.8604,14.803843,982.7362580041031,0
103.62780962969556,22.66624633313956,2222.445,11.818965,4958.114085790582,0
103.74099735549463,22.69831618878263,98.122284,5.0415454,32.699792887604644,0
103.7881589079109,22.513442903310832,1215.0931,13.689554,5483.399688631849,0
103.87062425099307,22.553058607340503,119.00958,2.108447,827.4480179465306,0
103.88221251815821,22.53042106218069,267.72113,13.584495,1157.6160176113585,0
103.63023508096269,22.417772325552104,2730.2834,14.343116,7746.727078484356,0
103.81025746390024,22.56437737992041,302.5167,0.92740995,4332.017815350724,0
103.79705222922368,22.59078784927352,509.57214,14.689554,1194.8539426702914,0
103.80944898014454,22.61504236194475,90.0,4.7342463,19.131109641932262,0
103.60867551414383,22.554945069437153,1500.9937,5.3377147,1534.1902309866587,0
103.7347989800342,22.703975575072583,110.241905,11.256913,162.49962135779379,0
103.77953508118335,22.65923947392343,139.17891,10.06042,942.5551076995152,0
103.58792443108067,22.68861438371414,1708.1007,7.9900804,2021.393642899646,0
103.7318345395966,22.4673593292355,1163.876,5.636477,4098.433374704617,0
103.77872659742765,22.65735301182678,138.0,5.6367207,1153.3209540850248,0
103.581456561035,22.669210773577156,882.2939,10.928739,276.95464699963026,0
103.69248833015217,22.48757142312819,782.72394,11.429095,1727.8948153073247,0
103.63131305930364,22.647651206758287,2067.1174,5.0963273,4439.8874856460725,0
103.6663473553843,22.48811041229866,812.18054,9.247918,4.614199446345382,0
103.8482562004185,22.587284419665455,89.489586,1.8543341,521.4179192411399,0
103.72240222911336,22.49457828234432,925.1821,2.7314188,2810.904107552741,0
103.55477659709665,22.617737307797107,1578.4415,12.842645,931.2576248183234,0
103.59034988234778,22.707209510095414,835.74384,5.896201,1939.4084161663598,0
103.6822475359132,22.46870680216168,1273.2467,8.803932,2679.9736812393844,0
103.85795800548699,22.58243351713121,105.08553,2.2116804,491.18571867581187,0
103.71135295111868,22.647651206758287,1047.1014,14.666817,4658.101452225538,0
103.6986867056126,22.5207192571122,639.3045,10.582102,305.79512702018707,0
103.95362858324572,22.470323769673094,275.40268,4.734025,859.4337502808922,0
103.67604916045279,22.555484058607625,906.532,13.238572,695.4176643154999,0
103.7310260558409,22.688075394543667,134.11607,3.5361626,1496.4546244961532,0
103.69895620019784,22.509400484532293,632.9815,7.5893855,133.75191516366476,0
103.67038977416283,22.567880809528475,883.42346,5.040792,364.85116013449635,0
103.88868038820388,22.56815030411371,109.01669,4.875263,103.74942595863135,0
103.74773472012552,22.678373589475175,142.68451,13.828548,1054.4399548563113,0
103.80702352887741,22.56033496114187,307.86038,0.92740995,4453.36880920699,0
103.91428237380129,22.504010592827576,88.90006,2.108277,155.94465208808168,0
103.62161125423515,22.742243806176074,367.53192,7.3788605,1932.7965650989731,0
103.66446089328764,22.403758607119837,2377.5088,10.096576,6229.2107309476105,0
103.93233851101209,22.502393625316163,137.66972,10.429386,1581.225107742489,0
103.62403670550226,22.556023047778098,1586.7722,12.294573,979.29208878974,0
103.72132425077241,22.563299401579464,1059.7179,13.78438,2445.6429025107113,0
103.9091619766818,22.537427921396823,102.56062,9.470874,298.3064061652254,0
103.73938038798322,22.673253192355695,207.97813,6.541219,1948.83563689472,0
103.81052695848548,22.556292542363334,345.57388,14.352422,5004.3104235644905,0
103.91266540628988,22.522336224623615,126.65439,14.804003,570.3241300857073,0
103.64263183188353,22.64872918509923,1876.1061,13.424528,5057.5646773903145,0
103.64990818568491,22.653310593048243,1818.6544,13.476115,5564.832715153631,0
103.64613526149161,22.412921423017856,2078.6814,8.884634,7861.649372979916,0
103.92694861930737,22.51425138706654,217.32088,10.144338,836.7815398954892,0
103.87763111020921,22.532846513447815,398.63373,7.6412807,1066.5573016815888,0
103.58819392566589,22.686458427032253,1670.2688,6.222655,1884.4364987539473,0
103.81834230145732,22.61234741609239,186.3307,11.501053,725.2607455207719,0
103.66958129040712,22.51290391414036,1158.0016,13.323582,1779.145844332953,0
103.74503977427317,22.55117214524385,457.8708,14.240499,137.1308942205948,0
103.91428237380129,22.54416528602772,80.0,6.9946527,0.0,0
103.65179464778156,22.637410412519326,1767.2188,8.445488,3834.796414660751,0
103.68628995469174,22.504819076583285,699.611,10.185215,160.49708002804599,0
103.63993688603118,22.678912578645647,1986.265,4.0962067,6378.302105965953,0
103.73452948544897,22.63579344500791,1405.9486,2.2123866,2277.23621657802,0
103.92587064096642,22.52341420296456,102.09394,4.4152346,142.54723531886071,0
103.69814771644212,22.51425138706654,650.4156,7.558181,367.049503666209,0
103.61487388960425,22.65034615261065,1521.7188,12.916187,3256.9336954959945,0
103.63805042393453,22.486762939372483,1254.6049,9.479473,1152.809161616196,0
103.74315331217652,22.69616023210074,126.45182,6.1148634,188.60273233150753,0
103.76174843855779,22.678912578645647,115.41522,10.998356,1024.5596696273833,0
103.71593435906769,22.66193441977579,692.76605,8.805333,4507.21698796045,0
103.60651955746194,22.445530267831394,2025.9288,9.247886,6432.633768075636,0
103.66392190411717,22.438253914030028,1458.2046,9.195146,5164.15112574951,0
103.62619266218415,22.668132795236215,2262.3523,6.3038383,4804.148975580962,0
103.85526305963464,22.544973769783425,193.70625,4.768109,2466.6768925372076,0
103.73291251793755,22.470054275087858,1130.5345,8.358533,4414.625147380313,0
103.94392677817723,22.49538676610003,168.2028,8.031359,378.99243309670925,0
103.6994951893683,22.701280629220225,576.41547,14.2898035,2469.5838398911105,0
103.67173724708901,22.65923947392343,1498.3008,14.497915,6740.865347447842,0
103.68413399800987,22.419389293063517,2343.2996,14.473287,3901.3202568153715,0
103.76363490065444,22.685110954106072,160.97266,7.9898725,451.0228963254192,0
103.87870908855015,22.472210231769747,215.43979,11.1659355,434.6673596437774,0
103.74477027968793,22.549824672317673,455.62985,11.912224,121.17806163604486,0
103.95740150743902,22.464933877968377,207.30765,14.026225,480.1952170605228,0
103.63212154305934,22.64306979880928,1961.2672,6.1138563,4250.914180505776,0
103.9129349008751,22.515598859992718,82.5,1.3665982,25.145603280828023,0
103.6844034925951,22.739548860323715,309.0027,14.70107,1134.6894084401365,0
103.7302175720852,22.456579545826067,1341.8096,14.647328,2901.442349521355,0
103.62080277047944,22.64360878797975,1772.4354,10.500326,3302.296440006647,0
103.65341161529298,22.60318460019437,1484.0939,14.1840925,455.18830242352124,0
103.88760240986294,22.5492856831472,176.84483,2.7802885,581.6190400159803,0
103.91023995502275,22.51802431125984,85.87354,1.3666116,351.07014070141787,0
103.79759121839416,22.655197055144892,101.72918,4.769621,47.48590060331683,0
103.60301612785388,22.659508968508668,1332.1366,12.300367,2460.9128864240474,0
103.7490821930517,22.668132795236215,258.54727,2.955829,2092.2476865020144,0
103.67119825791855,22.430169076472954,1563.3978,9.658627,5282.9764147131655,0
103.61514338418948,22.684032975765128,1947.9585,13.8003235,4049.8187647048844,0
103.70838851068109,22.672714203185222,435.10693,14.872389,4311.684693657777,0
103.91616883589793,22.473288210110688,404.71436,13.688588,2417.3513847464756,0
103.87062425099307,22.54281781310154,273.21164,12.18081,928.4335240249512,0
103.63697244559359,22.614233878189044,1696.1912,13.78448,1548.2170578321043,0
103.71189194028915,22.558717993630456,1184.5155,7.559691,1978.6207461598772,0
103.73452948544897,22.524222686720265,1013.3068,6.8303723,1802.1190723983927,0
103.79732172380892,22.499698679463805,1650.818,12.179108,4532.046280748153,0
103.6986867056126,22.427743625205828,1816.943,12.171494,2450.3015962852587,0
103.6738932037709,22.66435987104291,1376.2158,10.99761,7193.377672819824,0
103.8835599910844,22.544434780612956,101.48292,5.8954015,147.606817045006,0
103.80190313175794,22.529073589254512,818.5575,12.769178,5997.299134987631,0
103.76282641689873,22.656275033485837,290.54962,9.379046,1506.8277820807557,0
103.76363490065444,22.67864308406041,119.175476,7.6418276,887.0135712936349,0
103.62673165135463,22.508592000776588,1735.4607,10.517935,403.07240997123574,0
103.61595186794518,22.660317452264373,1551.5717,13.603089,3760.6622299900214,0
103.64775222900302,22.409148498824557,2112.3398,7.6408215,7757.4543160138755,0
103.71620385365293,22.62474416701324,1427.4164,14.844655,4456.722283944194,0
103.65880150699769,22.489188390639605,1048.2742,11.873044,346.4098922691004,0
103.71081396194822,22.45226763246229,1459.5187,3.1471457,2609.8087349298753,0
103.89245331239718,22.530690556765926,101.41852,0.0,994.4048608763436,0
103.69572226517501,22.713946874726307,174.29483,8.3687105,1298.8064532568999,0
103.64748273441779,22.660317452264373,1785.8152,12.023105,6328.86077321687,0
103.94635222944436,22.452806621632764,97.13431,7.5885363,300.6739471840742,0
103.62511468384321,22.630134058717957,1855.8116,3.5350804,3092.090989834201,0
103.7851944674733,22.60587954604673,499.41464,14.974385,749.1381479231588,0
103.581456561035,22.489996874395313,2173.5376,12.042851,2813.107923819428,0
103.72024627243147,22.471671242599275,1163.1718,8.0300255,4468.751909919691,0
103.7445007851027,22.678912578645647,120.21123,1.8543341,1138.887136952729,0
103.64344031563925,22.646573228417346,1854.599,7.121421,4813.927932942554,0
103.62107226506467,22.642530809638806,1793.9036,14.194214,3252.4601710390866,0
103.7310260558409,22.715563842237724,147.89963,9.40502,171.41079014559506,0
103.805406561366,22.474905177622105,1262.5898,5.0402603,3769.7912485201,0
103.89703472034618,22.540392361834417,167.34982,2.731907,389.7753741009092,0
103.69680024351595,22.49862070112286,671.53046,5.8951774,992.7073224566915,0
103.71755132657911,22.534193986373992,857.09174,10.286234,544.0480957039915,0
103.63939789686071,22.65923947392343,1941.3031,4.1187687,5876.722307088609,0
103.61298742750759,22.418850303893045,2850.531,10.779937,8356.608250745126,0
103.72159374535765,22.490805358151018,1023.8914,9.979039,3020.0723445550298,0
103.65826251782723,22.52583965423168,1081.7219,12.23838,2456.5189923411467,0
103.5634004238242,22.636601928763618,1262.5417,11.686075,322.6139413168279,0
103.89083634488577,22.545782253539134,148.29689,13.657234,157.3239118220698,0
103.67227623625949,22.577582614596967,884.8399,6.1126165,413.38589764014375,0
103.70057316770925,22.515868354577954,624.7599,5.0073323,257.43476373784165,0
103.66985078499236,22.523683697549796,964.7052,10.990371,2493.7991977688557,0
103.64317082105401,22.597255719319183,1541.1924,4.8759575,671.4604725137499,0
103.63373851057075,22.662473408946262,2025.2985,13.912987,5568.017096666169,0
103.66580836621382,22.439062397785737,1444.7657,3.531549,5111.25208890469,0
103.61810782462707,22.62339669408706,1945.692,10.80938,2332.7021566077988,0
103.91886378175029,22.498081711952388,115.28165,4.2108207,815.7287369907332,0
103.67955259006085,22.51532936540748,834.69824,12.180168,1456.8466504477653,0
103.86712082138502,22.530690556765926,707.8407,12.118439,1888.4575362699625,0
103.66014897992387,22.741435322420365,558.64215,12.8536825,2754.410993607759,0
103.6415538535426,22.60399308395008,1546.8583,14.736213,484.430685966608,0
103.68116955757228,22.499698679463805,702.82837,11.668126,9.786354323970057,0
103.69680024351595,22.742243806176074,180.14427,10.814325,394.1686620453515,0
103.64370981022448,22.62986456413272,1967.1959,9.650523,2966.5726255294885,0
103.87278020767496,22.549824672317673,139.90099,12.411522,780.4556784267014,0
103.77953508118335,22.64819019592876,156.49774,6.0779405,1594.321465400481,0
103.62754013511034,22.625283156183713,1834.423,1.3671854,3109.16465246271,0
103.65152515319632,22.592674311370175,1413.4493,7.98458,544.6079925960615,0
103.80190313175794,22.561143444897578,326.70752,13.238675,3969.48619652645,0
103.65853201241245,22.733619979448527,536.8907,10.227876,3386.096270392501,0
103.60463309536529,22.65465806597442,1284.3398,10.005716,2777.9723938944976,0
103.68090006298704,22.68915337288461,784.54266,14.035397,4428.695221274813,0
103.61891630838278,22.629595069547484,1783.9197,10.096576,2454.988591423997,0
103.68709843844746,22.50832250619135,745.8743,7.557983,369.56570023439457,0
103.81564735560497,22.617198318626638,104.72826,10.786205,306.01527567307414,0
103.84502226539567,22.595099762637297,115.520096,6.8042436,56.59654152654215,0
103.58738544191019,22.673253192355695,1013.4932,9.684439,960.7656462709356,0
103.84232731954332,22.5597959719714,542.28015,8.522287,3222.61897747687,0
103.66365240953193,22.46628135089456,1367.8058,13.868762,2148.016113556387,0
103.88302100191393,22.560604455727105,88.47778,0.0,130.02516242578676,0
103.82615764442916,22.45631005124083,1266.9307,8.521944,3722.543778644664,0
103.90053814995426,22.52125824628267,89.63654,2.7802885,1411.006133320259,0
103.65475908821915,22.782398499376217,233.70374,8.806215,852.5565965523211,0
103.89487876366431,22.544973769783425,123.52694,9.147984,75.84851499434689,0
103.89892118244283,22.537966910567295,142.0036,12.80605,70.26381754456176,0
103.83747641700907,22.601837127268194,98.77361,4.6273675,380.38141769807834,0
103.70407659731731,22.6026456110239,2324.2263,11.226104,4564.299753091582,0
103.6197247921385,22.47652214513352,1719.7474,31.854355,3324.769172550572,1
103.80136414258746,22.47517467220734,1412.0934,33.776207,4148.630297896827,1
103.74207533383557,22.473018715525452,1184.1943,51.64013,5026.089955440169,1
103.74719573095506,22.59563875180777,1027.4316,37.511765,2613.0531298877645,1
103.5957397740525,22.44579976241663,2308.8057,30.332916,7252.37695884785,1
103.65475908821915,22.7807815318648,266.19742,32.63484,938.1749402034641,1
103.69033237347028,22.586745430494986,1273.2764,52.192234,2315.138620610162,1
103.76929428694439,22.62339669408706,419.37186,33.958904,366.0682897406652,1
103.69626125434547,22.687266910787958,743.48083,30.965696,4055.1706295202926,1
103.60355511702434,22.5883623980064,1942.7563,30.154238,3110.972860943797,1
103.56447840216514,22.61638983487093,1806.1919,35.520283,1418.2691820872878,1
103.63993688603118,22.52853460008404,1708.9882,55.27287,2104.460710781063,1
103.81915078521303,22.525031170475973,1154.9674,53.66144,4638.5859798165075,1
103.62861811345128,22.542548318516303,1767.0293,37.931293,2498.251792488324,1
103.61945529755326,22.558987488215692,1376.1729,30.243183,603.075423065909,1
103.56286143465373,22.58512846298357,2388.6074,35.516766,3773.09382521587,1
103.64290132646877,22.707748499265882,871.86536,39.907127,6074.378135204014,1
103.6949137814193,22.539044888908236,713.6522,41.228867,174.42227480184437,1
103.54130186783486,22.602915105609135,1741.9811,34.352394,2249.9100413134133,1
103.70946648902203,22.573809690403664,1351.2517,37.671677,3070.3116684169745,1
103.7264446478919,22.54012286724918,561.4464,40.187057,135.1919043072652,1
103.7226717236986,22.438523408615264,1660.9421,37.906937,792.6712394848694,1
103.7347989800342,22.54524326436866,528.067,41.35685,303.34453915952383,1
103.65260313153726,22.61638983487093,1737.2603,31.967012,1605.686375236912,1
103.81025746390024,22.470054275087858,1073.4863,36.65043,3573.069593450792,1
103.78115204869476,22.596986224733946,238.31216,32.098423,262.3778980581736,1
103.68197804132798,22.598603192245363,1554.8821,40.829685,2351.922352825132,1
103.62268923257609,22.58189452796074,1805.9084,36.217487,1777.7656239411276,1
103.74719573095506,22.619084780723288,1235.9497,41.006294,2544.831765039113,1
103.89865168785761,22.454154094558945,1201.1682,33.58706,1549.729565278026,1
103.84987316792991,22.43097756022866,1442.4604,45.059963,4954.947219299157,1
103.72509717496571,22.51748532208937,1123.6556,35.159386,2093.1340846594408,1
103.61918580296802,22.45038117036564,2214.699,31.321028,5130.945258485884,1
103.86200042426553,22.45226763246229,604.479,44.38079,2421.8828191607695,1
103.69599175976025,22.57084524996607,1338.5387,30.368893,1683.8089644154466,1
103.68251703049845,22.416155358040687,2437.2832,30.06889,4101.101860882268,1
103.6310435647184,22.442296332808567,2298.023,32.44903,5192.469443333185,1
103.61217894375189,22.47894759640064,1779.8988,41.028625,3919.8898437611874,1
103.69141035181123,22.460621964604602,1131.0925,48.560062,3965.237048139148,1
103.84340529788426,22.49134434732149,980.5797,39.35168,260.2479532622047,1
103.63885890769023,22.692117813322206,1227.8107,30.681644,6645.16344883045,1
103.64370981022448,22.424509690182997,2068.7075,33.840485,6697.291529715244,1
103.62565367301369,22.69373478083362,1678.3096,58.311016,5481.807188864821,1
103.69248833015217,22.59348279512588,1935.1135,33.525642,3017.7438143076147,1
103.60732804121764,22.472749220940216,1900.9617,36.788536,4643.763569891451,1
103.73695493671609,22.606688029802438,1124.854,31.855387,3987.987161327263,1
103.76606035192157,22.513712397896068,1396.1006,33.0752,3819.1488417295236,1
103.64128435895736,22.69777719961216,1060.6055,32.490856,6566.834557108632,1
103.8835599910844,22.43663694651861,1431.6422,46.20042,1439.7436132867495,1
103.59088887151826,22.455501567485122,2187.7144,35.336273,6413.800898295966,1
103.64344031563925,22.54686023188008,1560.2194,33.538456,1933.905959820741,1
103.70407659731731,22.560065466556633,1236.9208,42.482807,2129.093508914462,1
103.64990818568491,22.74116582783513,681.0806,44.124092,3556.549715818255,1
103.60517208453575,22.49457828234432,2392.4844,38.36365,2286.6007178171903,1
103.62026378130896,22.498081711952388,1785.2406,30.46733,1718.6773579725566,1
103.93045204891544,22.458735502507952,231.07755,50.41773,1945.3918705039925,1
103.6234977163318,22.780242542694328,442.03323,47.93694,609.8762246240778,1
103.73372100169325,22.636062939593145,1356.1943,49.149647,2351.701295226032,1
103.6574540340715,22.657622506412014,1682.5721,30.273779,6139.360629566235,1
103.60301612785388,22.72580463647669,599.3433,37.40721,1559.4485196254027,1
103.69841721102736,22.46277792128649,1369.9194,31.865952,4265.896575146035,1
103.73587695837514,22.663551387287203,338.31793,32.307358,3056.262205967415,1
103.77198923279676,22.567072325772767,964.8567,52.37465,1050.5116387403405,1
103.65637605573058,22.481642542253,1010.9139,35.6586,298.22056512272445,1
103.68602046010652,22.66624633313956,1019.4196,31.077143,6537.632303134984,1
103.8264271390144,22.4425658273938,924.2941,31.465942,5107.756540470139,1
103.86200042426553,22.50886149536182,755.60785,34.220097,2312.173529770591,1
103.86523435928837,22.462508426701255,477.6577,38.029755,1253.2191814452474,1
103.581456561035,22.714755358482016,625.77734,37.706455,725.4662176629446,1
103.61002298707,22.589170881762108,1981.1688,33.581383,2901.9584994559586,1
103.59277533361491,22.591326838443994,2664.9749,41.833725,3117.8034635778313,1
103.6574540340715,22.678912578645647,1570.9923,40.4685,6810.896872367682,1
103.89326179615288,22.469245791332153,561.4625,35.830105,1245.9826118569902,1
103.59681775239345,22.626900123695126,1503.9758,34.09979,229.355442346295,1
103.63751143476406,22.507244527850407,1595.6921,56.50337,179.28603675934002,1
103.66715583914001,22.606418535217202,1524.6233,38.883434,1653.0606044076064,1
103.66985078499236,22.639296874615976,1912.253,58.54586,4669.426655725796,1
103.862539413436,22.52853460008404,531.90515,30.152029,2398.0305174408277,1
103.5822650447907,22.49538676610003,2453.35,51.06269,2235.880509188948,1
103.67146775250377,22.637679907104562,1982.4387,39.8004,4600.218959306567,1
103.66014897992387,22.677295611134234,1274.6715,45.624138,6756.1478050938595,1
103.64694374524731,22.51613784916319,1445.3102,37.3873,911.193508699368,1
103.61702984628613,22.764881351335887,477.57925,30.668966,485.46995168925775,1
103.61002298707,22.43286402232531,2676.9043,39.59913,7226.82273041855,1
103.6445182939802,22.417502830966868,2171.6636,37.910988,7453.382232260838,1
103.6814390521575,22.439601386956205,1805.031,52.594456,4327.039646880008,1
103.89676522576096,22.505897054924226,360.58252,30.100727,1148.6386916392185,1
103.85634103797558,22.464933877968377,395.17426,30.676702,1206.4875711961133,1
103.89002786113005,22.45038117036564,1353.9749,36.773197,1420.3823875878484,1
103.64047587520166,22.785362939813812,221.46506,30.257198,354.6606560316978,1
103.55935800504567,22.62339669408706,1586.7206,34.637203,945.0379208079613,1
103.88921937737435,22.457388029581775,922.7486,30.632349,2151.727369778907,1
103.66419139870241,22.67675662196376,1256.6377,43.6542,6537.775533947088,1
103.56582587509132,22.46089145918984,2752.534,33.833687,6411.3539851195765,1
103.69976468395355,22.50131564697522,720.24615,30.232416,878.4080393130545,1
103.61649085711566,22.59294380595541,2114.9465,30.760029,3097.470453586333,1
103.7978607129794,22.518563300430312,1373.7001,36.012142,5478.862379957499,1
103.60059067658675,22.616928824041402,1624.6414,39.25717,1057.5390107574422,1
103.60086017117199,22.610730448580977,1758.3374,37.017418,1697.2255290423614,1
103.5978957307344,22.475983155963046,1884.5978,31.119865,4180.8557661836885,1
103.83936287910572,22.537966910567295,455.25714,30.460625,4181.351163697772,1
103.60975349248477,22.686188932447017,1896.718,30.785393,3647.2091767309653,1
103.72401919662477,22.5350024701297,704.3127,35.396824,276.52161572328333,1
103.60193814951293,22.604532073120552,1966.8828,41.57185,2385.249723109088,1
103.6490997019292,22.483259509764416,1225.128,30.361376,384.28800382964886,1
103.58576847439878,22.454154094558945,2563.9602,37.588245,6594.440414250481,1
103.72186323994288,22.51101745204371,850.2053,35.919945,1928.3269530567493,1
103.91859428716506,22.436906441103847,845.08136,39.45223,217.43281954872268,1
103.60490258995053,22.482720520593944,1839.0779,41.271965,3581.213643577057,1
103.59277533361491,22.429360592717245,2728.36,39.000114,8692.510393568624,1
103.63319952140029,22.408609509654084,2331.507,32.415577,8639.362136120957,1
103.70650204858444,22.6207017482347,1876.2644,34.76591,5549.618979496462,1
103.76174843855779,22.62797810203607,567.23303,37.04623,1058.075251078437,1
103.5461527703691,22.596447235563474,2137.9214,43.51237,2888.0839026596564,1
103.74342280676176,22.474905177622105,1295.3036,32.875893,5272.625958270489,1
103.77118074904105,22.5635688961647,1151.564,45.16712,1189.9959870675996,1
103.73991937715368,22.483259509764416,1164.656,39.971752,5005.154107126308,1
103.82993056862246,22.47571366137781,953.5193,37.192657,1637.5555311617104,1
103.5987042144901,22.7236486797948,897.1547,43.787067,1450.3188690616948,1
103.77414518947865,22.556831531533806,1070.8778,39.904873,1942.7020959226095,1
103.79839970214987,22.483529004349652,1437.652,31.903053,4242.849292060637,1
103.78735042415519,22.561412939482814,653.86975,34.490574,2742.633008027478,1
103.73075656125566,22.64819019592876,892.41785,49.43442,2721.459627455436,1
103.71728183199387,22.65465806597442,894.90326,33.186768,4262.797222571645,1
103.61110096541094,22.72499615272098,1017.66815,31.483107,2290.5867807423297,1
103.63077407013316,22.582164022545975,1708.8135,57.788895,1789.8919372056532,1
103.8549935650494,22.533385502618284,424.204,36.579,2790.52233197358,1
103.71997677784623,22.43232503315484,1759.608,30.803843,283.9932809991946,1
103.63508598349694,22.49538676610003,1979.9475,47.35696,944.03512845117,1
103.59627876322297,22.72823008774381,593.9801,33.683395,892.2898929182716,1
103.57579717474505,22.560604455727105,2170.2625,39.01593,4514.429550684383,1
103.59223634444443,22.696699221271214,1098.254,38.517986,2669.323792713143,1
103.62942659720699,22.548207704806256,1969.0789,38.24501,1870.1466424509306,1
103.60813652497335,22.59806420307489,2472.1323,34.190228,3276.2666215027957,1
103.64505728315066,22.433133516910548,1765.0183,36.102943,5732.539166277948,1
103.63319952140029,22.484606982690597,1473.3838,47.83622,1700.114863868065,1
103.70892749985155,22.616659329456166,1939.638,36.071453,5521.4120678136205,1
103.65475908821915,22.52206673003838,1256.8228,35.633503,1905.4009174159312,1
103.6280791242808,22.499968174049037,1911.9475,55.522022,1143.5213590993565,1
103.7347989800342,22.45172864329182,1599.6188,47.010292,2573.234764674373,1
103.71943778867576,22.511825935799415,874.77576,30.194012,1664.6900730384111,1
103.77171973821152,22.518293805845076,1378.5061,32.432655,3824.8312964397533,1
103.72833110998855,22.63202052081461,1243.4791,37.286247,3004.6898686456066,1
103.63508598349694,22.515059870822245,1663.6583,30.281069,551.8340872819765,1
103.62026378130896,22.52018026794173,1901.9268,36.110023,499.1657962717578,1
103.70892749985155,22.415077379699746,2341.8738,33.647987,1506.3858353638223,1
103.72509717496571,22.668671784406683,435.30704,34.60788,3306.9466811395505,1
103.70111215687972,22.40834001506885,2255.3572,31.214685,2578.8891585980527,1
103.80756251804789,22.46547286713885,1158.9954,34.40697,4090.8284178107647,1
103.64317082105401,22.78293748854669,226.85585,37.96326,729.0296000880512,1
103.72294121828382,22.521797235453143,955.28076,45.596382,1621.6185946655144,1
103.66742533372523,22.729038571499515,654.7622,34.359444,3106.2827940026177,1
103.69141035181123,22.44526077324616,1450.4596,31.964798,3553.769583387132,1
103.67362370918566,22.658969979338195,1475.2891,33.482536,6791.600024572062,1
103.62619266218415,22.681607524498006,2102.195,40.98829,5051.4463222231825,1
103.86092244592459,22.478408607230172,407.23578,39.16584,104.28493820097741,1
103.59008038776255,22.584858968398333,2654.0054,40.132122,3661.400490169852,1
103.58037858269405,22.608574491899088,1929.9824,35.11074,856.2532186111797,1
103.84583074915138,22.440409870711914,1003.7204,31.596395,4114.283502791054,1
103.71162244570392,22.607496513558146,1943.0717,39.558025,5487.5160259996655,1
103.58388201230213,22.54686023188008,2181.5898,31.966917,3074.138723194757,1
103.71862930492006,22.505358065753757,1008.2964,39.012554,1889.52914170173,1
103.64344031563925,22.494847776929557,1346.4286,30.358526,364.1643438718567,1
103.63912840227547,22.713946874726307,870.2875,38.896877,5316.049580091324,1
103.60813652497335,22.73011654984046,922.70166,44.87635,1772.0255477236226,1
103.77171973821152,22.567341820358003,927.5652,48.7895,1011.8903814142753,1
103.70138165146496,22.588092903421163,1973.803,32.094315,3229.8818685061524,1
103.6814390521575,22.612616910677627,2544.9766,40.07342,3199.5944070994924,1
103.6070585466324,22.484606982690597,1866.3774,30.411152,3340.813424232094,1
103.60436360078005,22.48811041229866,2094.7527,35.641346,2991.5648362898546,1
103.65502858280439,22.469245791332153,1283.9088,34.05792,1662.143839825146,1
103.65718453948628,22.51425138706654,1700.6989,42.430298,1541.7452551697088,1
103.58469049605783,22.621240737405174,1353.6954,30.72477,38.59310540202831,1
103.60894500872907,22.539314383493473,1934.8772,41.1637,2104.895671456969,1
103.69383580307836,22.582703011716447,1336.0345,34.220104,2254.6566310870558,1
103.73237352876708,22.634176477496496,1346.3492,38.653877,2537.121638010853,1
103.58738544191019,22.487840917713424,2168.602,31.27476,2873.046676276599,1
103.62996558637745,22.71071293970348,888.26105,36.26805,4778.044425345629,1
103.60274663326864,22.597255719319183,2374.9758,32.275135,3182.1183139070386,1
103.74072786090939,22.46412539421267,1316.1514,31.016325,4072.9893983638017,1
103.85553255421986,22.53446348095923,347.7386,30.913658,2696.1233538348247,1
103.62754013511034,22.411034960921207,2470.8535,30.243158,8541.909505081603,1
103.56879031552891,22.589979365517816,1927.3352,36.02398,3047.3598572325504,1
103.65448959363391,22.474096693866397,1307.7328,40.92587,1125.1542783466352,1
103.67982208464609,22.44067936529715,1692.2584,30.361326,4515.603299092092,1
103.84178833037284,22.52583965423168,714.5818,37.35595,4065.7071431147374,1
103.68251703049845,22.451459148706586,1613.4968,33.180576,4283.199615449328,1
103.81160493682643,22.515059870822245,1899.6561,35.211895,4174.06733182153,1
103.63050457554793,22.651154636366353,2101.0466,30.218864,4602.611010922642,1
103.78223002703571,22.581086044205033,699.9057,32.317837,1081.4360331540736,1
103.6806305684018,22.441218354467622,1747.0331,58.30423,4448.876885474666,1
103.60463309536529,22.487301928542955,2033.6135,34.466995,3082.8412991778273,1
103.66877280665142,22.694812759174564,930.73895,31.709835,4750.6576485531805,1
103.61137045999618,22.720684239357205,914.30774,32.747143,2583.158370195901,1
103.92587064096642,22.433942000666253,592.0986,32.030857,195.37460371775552,1
103.69114085722599,22.626361134524654,2040.9412,31.248764,4952.919092660229,1
103.7881589079109,22.558179004459983,548.4377,37.436653,2981.7217588089734,1
103.55935800504567,22.474096693866397,2583.3042,41.853153,5501.216294204058,1
103.64182334812783,22.58970987093258,1735.9781,32.66287,1395.9593183485188,1
103.68332551425415,22.45172864329182,1556.3301,37.817234,4294.525693466049,1
103.60651955746194,22.43663694651861,2408.5247,33.654682,7134.2088009973795,1
103.91536035214223,22.432055538569603,971.1084,38.947987,475.26053201959877,1
103.70892749985155,22.58566745215404,1568.5281,43.827168,3701.1053800132213,1
103.71431739155628,22.684032975765128,288.97406,31.459257,3027.5910521029145,1
103.63805042393453,22.43097756022866,2000.8191,42.947727,6116.363326780713,1
103.83612894408289,22.495117271514793,1361.0754,31.162998,898.1035886239549,1
103.58819392566589,22.445530267831394,2297.638,32.768913,7527.900401503312,1
103.85661053256081,22.44202683822333,896.1998,31.510176,3608.2406139005916,1
103.5776836368417,22.46089145918984,2278.9492,42.591774,6001.2735727075515,1
103.61083147082572,22.45711853499654,1919.3516,33.86689,5256.6787298683885,1
103.74719573095506,22.574348679574136,986.5084,32.30657,1241.4986617890445,1
103.62403670550226,22.45496257831465,2091.343,31.864628,4419.9440782062175,1
103.78465547830284,22.50050716321951,1850.665,38.202625,5811.086454680807,1
103.8663123376293,22.44903369743946,750.78723,38.338223,2723.3613474407543,1
103.71566486448246,22.437984419444792,1728.2604,31.320843,1018.4146784007665,1
103.87089374557831,22.43097756022866,1259.4917,50.48638,2866.8381559687596,1
103.62754013511034,22.436906441103847,2139.2798,51.827324,5887.475662403957,1
103.68009157923133,22.530151567595453,760.2078,30.449043,1280.2113740821944,1
103.63616396183788,22.438523408615264,2030.753,31.985376,5374.285537741778,1
103.88382948566964,22.46412539421267,643.08,41.783638,1433.101697822482,1
103.68790692220317,22.5492856831472,888.225,47.379097,371.34083762355726,1
103.64020638061642,22.72230120686862,789.9475,43.990757,4754.585554518421,1
103.78735042415519,22.56491636909088,758.184,30.101204,2546.2661263169184,1
103.77037226528533,22.47059326425833,1574.0825,61.45021,6420.873291724284,1
103.59008038776255,22.581355538790266,2492.2422,50.819664,3555.3224527096745,1
103.72105475618717,22.433942000666253,1706.5231,30.360361,323.4644043565001,1
103.72509717496571,22.541470340175362,734.4067,34.24662,320.169666023204,1
103.68467298718033,22.73469795778947,387.63016,35.222267,1558.8350242588097,1
103.90754500917039,22.498351206537624,127.23626,30.750742,74.92474353403715,1
103.8310085469634,22.554675574851917,726.9466,38.671665,4514.923637791764,1
103.57175475596651,22.459813480848897,2678.0728,37.04058,6292.143951427864,1
103.94473526193293,22.46628135089456,178.5256,32.416245,1450.84419908495,1
103.82831360111105,22.507244527850407,1548.4442,34.09477,2456.2266562498767,1
103.60032118200151,22.53446348095923,2154.1172,30.352613,1414.2784881896257,1
103.66796432289571,22.47652214513352,1007.7732,31.690283,1136.1703230121145,1
103.69518327600453,22.480025574741585,1121.238,33.122368,2592.846601839807,1
103.65125565861109,22.466820340065027,1453.8937,35.76521,1949.2639735104767,1
103.86361739177694,22.430438571058186,1235.9357,31.440125,3599.089687269352,1
103.76093995480208,22.638488390860267,672.47314,34.151726,465.0571615824356,1
103.68413399800987,22.444991278660925,1638.3756,41.375877,4230.545104825006,1
103.5731022288927,22.47706113430399,2211.6135,33.237843,4472.730209610012,1
103.59331432278537,22.458735502507952,2224.0796,32.086334,6054.386500179579,1
103.68709843844746,22.715024853067252,351.81882,36.918102,1904.9062186150754,1
103.62619266218415,22.70855698302159,1025.7521,44.42049,4610.912125896189,1
103.65610656114534,22.4139994013588,2153.9375,39.556057,6828.255423309557,1
103.6272706405251,22.56302990699423,1397.9398,49.9012,301.17121498115,1
103.69976468395355,22.4854154664463,1045.0118,39.932266,2355.163326713746,1
103.62457569467274,22.51532936540748,1664.9998,30.233513,101.49171396659425,1
103.68682894386222,22.62285770491659,2214.1106,31.598152,4364.9826810812065,1
103.56366991840943,22.588901387176872,2162.1145,43.93958,3360.526870614381,1
103.69922569478307,22.588092903421163,1914.4822,40.986694,3067.7924801625863,1
103.64559627232113,22.440140376126678,1892.9165,31.795614,4958.1915870945695,1
103.752855117245,22.617737307797107,974.8107,31.854877,2137.1507680570185,1
103.83424248198624,22.552789112755267,670.17096,36.596436,4302.881302143951,1
103.58010908810883,22.468976296746916,2243.6294,31.378656,5072.264105757943,1
103.72482768038047,22.491883336491963,990.068,37.05815,3190.918664897762,1
103.72105475618717,22.531229545936398,866.94196,39.49631,693.109142728593,1
103.58981089317732,22.69184831873697,1470.7496,40.47702,2408.2584319628554,1
103.809987969315,22.486493444787246,1394.7115,36.202663,3029.0420501177728,1
103.60355511702434,22.600489654342013,2293.845,44.597034,2861.605555725557,1
103.84367479246949,22.511825935799415,1305.678,35.703327,2506.1739720673886,1
103.82130674189492,22.56168243406805,525.86816,38.555527,4459.859632688759,1
103.72698363706236,22.427474130620592,1988.7936,31.119259,0.0,1
103.63831991851977,22.430438571058186,2038.163,34.037758,6167.018537793923,1
103.7264446478919,22.678912578645647,297.4321,30.51191,2553.319116410685,1
103.77037226528533,22.55575355319286,1140.5599,35.248795,1813.6928563524546,1
103.59061937693302,22.629595069547484,1268.6243,36.052074,74.30702801845297,1
103.62861811345128,22.463586405042197,1906.4823,37.429962,3405.6977399462394,1
103.71323941321533,22.606688029802438,1877.6997,39.03006,5543.0331892737395,1
103.7016511460502,22.455232072899886,1590.0958,63.52607,3406.247967911529,1
103.87574464811256,22.565185863676117,100.4162,37.906193,3.6272028038943023,1
103.78007407035383,22.541739834760598,824.95355,41.86698,3649.992024521721,1
103.67065926874807,22.538505899737768,930.0969,33.2166,1590.103910462188,1
103.56097497255708,22.586745430494986,2376.7358,40.984097,3700.5640320735974,1
103.77333670572293,22.501046152389982,1752.9581,31.604782,5398.8933870703795,1
103.6730847200152,22.614772867359513,2386.4473,48.7943,2739.7217464486853,1
103.7226717236986,22.614503372774276,1366.4722,46.226074,4483.8780136353525,1
103.70219013522066,22.56249091782376,1308.0388,43.08952,2054.735833345205,1
103.78196053245048,22.580816549619797,674.3446,34.67353,1066.77060476937,1
103.64344031563925,22.482720520593944,1248.0657,54.36932,876.1657886292272,1
103.65529807738963,22.42181474433064,1885.118,36.012077,6861.684966883794,1
103.72159374535765,22.62609163993942,1538.894,31.075918,3889.445015485122,1
103.84313580329902,22.4425658273938,877.9335,34.04155,4029.5312406331673,1
103.93126053267115,22.435289473592434,387.47525,36.75533,97.81243365133521,1
103.70865800526633,22.60911348106956,2109.188,37.693,5318.898715857652,1
103.64128435895736,22.489188390639605,1155.3174,48.6574,779.8996644293827,1
103.57741414225646,22.466820340065027,2219.2002,36.014835,5375.093117783671,1
103.7550110739269,22.55521456402239,924.50323,40.14445,911.1101461918279,1
103.72913959374425,22.55117214524385,709.2577,41.74431,1074.4396623983507,1
103.7633654060692,22.52206673003838,1034.3011,44.849422,2923.158373591816,1
103.66338291494671,22.75679651377881,261.60403,30.015053,1366.3777122424842,1
103.66823381748095,22.4778696180597,1095.8059,52.352108,1010.5400015462405,1
103.75420259017119,22.521797235453143,710.2639,49.414883,2426.192206499628,1
103.63293002681505,22.69616023210074,1388.7102,35.837692,6048.67199957011,1
103.65017768027015,22.535541459300173,1075.8612,39.024372,3010.0359316034237,1
103.62026378130896,22.736314925300885,537.52295,40.731476,2189.7516419934714,1
103.64344031563925,22.56302990699423,1130.613,30.153301,207.2182653678615,1
103.57040728304032,22.62932557496225,1622.6614,37.71092,1354.4380764954344,1
103.87547515352732,22.487840917713424,605.8689,30.818533,1197.8048486001558,1
103.62403670550226,22.42504867935347,2373.2883,52.32765,7226.8507706900555,1
103.75932298729067,22.5597959719714,802.74414,43.96137,762.4464719100177,1
103.65125565861109,22.51425138706654,1642.7017,32.590603,1029.0656104425125,1
103.70407659731731,22.61827629696758,2060.2524,32.89437,5461.971651077911,1
103.6693117958219,22.539314383493473,1031.0951,34.1813,1690.2908411334593,1
103.64856071275872,22.468976296746916,1537.9541,36.014984,1772.9745851049468,1
103.56528688592086,22.626361134524654,1738.5487,31.706123,1440.883234899414,1
103.78950638083708,22.5207192571122,1213.5767,49.263184,5190.0761010816095,1
103.65502858280439,22.474905177622105,1231.1124,33.403736,1036.154766273742,1
103.71943778867576,22.50832250619135,978.0878,43.96191,1794.1459971739478,1
103.63562497266742,22.704514564243055,886.8935,33.584362,5650.302497324401,1
103.95012515363766,22.463586405042197,215.39023,31.592026,981.3157068007506,1
103.65529807738963,22.522875213794087,1221.1578,31.440807,2010.141638483079,1
103.6949137814193,22.591326838443994,1888.7255,47.936073,3006.7441268267507,1
103.88032605606156,22.50508857116852,412.5783,36.42864,2170.3198865763748,1
103.77225872738198,22.55521456402239,1052.7367,40.07465,1980.1722219472729,1
103.72860060457378,22.639296874615976,973.6775,45.128258,2828.512598771902,1
103.54588327578386,22.590518354688285,2383.727,30.461311,3545.1170614146654,1
103.84690872749232,22.45900499709319,707.3178,30.116941,2328.2072938461292,1
103.78276901620619,22.516407343748426,1385.6772,30.386442,4841.081290516682,1
103.68548147093604,22.608843986484324,2660.3413,33.42903,3327.7021404025127,1
103.63212154305934,22.4854154664463,1438.8711,35.830853,1780.6568007897654,1
103.62754013511034,22.72176221769815,651.0291,31.3683,3888.5720041473132,1
103.69329681390788,22.629595069547484,1958.0345,30.147514,5362.693029693865,1
103.71189194028915,22.607766008143383,1922.5255,37.02315,5528.216350407518,1
103.78384699454713,22.50293261448663,1670.8729,60.85043,5908.900444956976,1
103.63535547808218,22.44472178407569,2095.3362,40.05727,4763.478036321687,1
103.5978957307344,22.510747957458474,2353.6633,32.961735,546.4090520218483,1
103.92101973843218,22.4282826143763,703.40674,30.89737,208.24570278060025,1
103.88086504523204,22.553058607340503,142.75021,32.463974,140.29476855917576,1
103.86765981055548,22.425318173938706,1491.0264,41.739265,3420.410812531488,1
103.65475908821915,22.70155012380546,865.4542,36.7032,5542.623614103172,1
103.78034356493906,22.558179004459983,1007.5116,49.257618,2299.0765663370335,1
103.79166233751897,22.50778351702088,1309.4827,47.327194,5396.118610098237,1
103.65098616402585,22.481373047667766,1228.661,42.882534,405.9295787181433,1
103.73237352876708,22.4921528310772,1172.7755,36.458515,3813.360175816954,1
103.64317082105401,22.41588586345545,2271.9102,30.96816,7649.65843566104,1
103.7280616154033,22.595369257222533,1830.6992,33.16135,4254.678792097347,1
103.68844591137363,22.576774130841258,1061.6006,33.71739,1404.201704469283,1
103.60409410619481,22.60992196482527,1812.5845,35.301857,1911.2438327179832,1
103.76956378152963,22.579469076693616,336.65204,36.85349,149.95131853177415,1
103.61433490043378,22.45172864329182,2316.4048,42.329144,5376.0424294476725,1
103.61460439501901,22.60722701897291,2203.3264,31.859133,2798.140402139328,1
103.63778092934929,22.72688261481763,761.5554,31.719755,4245.956200188749,1
103.91643833048317,22.444182794905217,902.89343,35.753563,497.804901927749,1
103.62457569467274,22.7484421816365,603.19867,31.88206,1774.2083646996214,1
103.59034988234778,22.491883336491963,2256.646,42.10164,2391.720717301379,1
103.60759753580288,22.72230120686862,688.57654,39.30576,2169.22473094895,1
103.86981576723737,22.52583965423168,578.5933,35.978634,2122.2487700853467,1
103.72913959374425,22.630942542473665,1335.6599,35.767727,2966.5281165755428,1
103.83909338452048,22.454154094558945,834.2281,33.30225,3279.5985984354897,1
103.63319952140029,22.4778696180597,1562.4808,48.381424,2058.292507028928,1
103.69464428683406,22.56895878786942,1190.7916,34.18946,1461.049300376225,1
103.74342280676176,22.46978478050262,1119.3864,31.100962,4757.594001577816,1
103.78600295122902,22.561951928653286,732.26776,33.169342,2591.8408144558507,1
103.76471287899538,22.52260571920885,1029.6432,38.096928,2974.6602343216055,1
103.65637605573058,22.560065466556633,1319.915,30.101164,701.8284163399871,1
103.62268923257609,22.640644347542157,1907.3807,65.89673,3274.6301700287113,1
103.57660565850075,22.591057343858758,2193.5762,46.15073,2773.2249907754363,1
103.72509717496571,22.590518354688285,1556.6735,43.70303,4021.857291936329,1
103.8587664892427,22.43987088154144,1031.6392,32.30278,3814.190575905183,1
103.65395060446345,22.49403929317385,1366.133,35.750576,582.6195195746135,1
103.79085385376327,22.60318460019437,142.65665,32.08876,114.14247236504967,1
103.77414518947865,22.639296874615976,350.56537,30.271599,774.1312356962833,1
103.94850818612623,22.46870680216168,227.82747,30.010263,1370.033438896096,1
103.71809031574958,22.42504867935347,2258.118,38.439934,455.4520053620005,1
103.62834861886604,22.511286946628946,1586.7285,40.443985,73.27130153823512,1
103.6776661279642,22.443643805734744,1623.3689,37.996437,4814.065024268711,1
103.68170854674274,22.471132253428802,1256.022,33.59739,2432.7434509285094,1
103.7415363446651,22.450920159536114,1628.8455,38.66785,2891.6869474461505,1
103.65691504490104,22.408609509654084,2246.0842,38.99603,6842.207907440296,1
103.72563616413619,22.716372325993433,218.14742,31.746548,515.6668917979777,1
103.57148526138127,22.611538932336682,1734.4592,54.247444,858.300432658874,1
103.6528726261225,22.584050484642628,1410.7039,36.217834,988.8656404271973,1
103.86469537011789,22.518293805845076,701.64453,33.009422,3109.816493483533,1
103.56420890757991,22.594021784296352,2050.4487,41.91535,2835.836598553135,1
103.58549897981354,22.58000806586409,2513.8137,63.786407,3895.795932550192,1
103.6318520484741,22.400255177511774,2277.7197,31.056059,9564.521031816621,1
103.91482136297175,22.48029506932682,341.9611,33.581367,1792.360076939504,1
103.84636973832185,22.534732975544465,388.84686,30.51303,3577.9475165002405,1
103.69275782473741,22.711521423459185,335.12933,30.276339,1698.6683215457579,1
103.80190313175794,22.59483026805206,313.85342,35.253124,1098.6313815585993,1
103.86280890802124,22.49457828234432,1158.4778,36.218765,1013.8284360424276,1
103.68305601966892,22.44714723534281,1731.9346,39.927647,4423.099826249474,1
103.83289500906005,22.464394888797905,744.09357,30.937302,2654.7999768278873,1
103.63697244559359,22.682954997424186,1987.0864,65.2483,6163.533899018241,1
103.71081396194822,22.70343658590211,375.64008,34.065697,2297.2696123218166,1
103.7520466334893,22.548207704806256,761.4691,30.715036,889.6843708717377,1
103.64317082105401,22.411843444676915,2156.404,35.40913,8092.834254700122,1
103.71135295111868,22.415346874284978,2534.9033,55.247036,1273.0874953941816,1
103.67038977416283,22.730386044425696,581.40643,32.669308,2801.771067253544,1
103.7205157670167,22.618545791552815,1618.3732,34.758095,4392.7794704371545,1
103.576875153086,22.610191459410505,1686.9624,33.242577,664.999314973248,1
103.7520466334893,22.614772867359513,785.8814,46.600845,2255.4747778617702,1
103.6822475359132,22.4425658273938,1825.477,33.163048,4328.068981338049,1
103.6806305684018,22.440409870711914,1754.6007,50.406494,4427.789828197307,1
103.73156504501138,22.446069257001867,1923.3701,40.22454,1863.748283885245,1
103.60921450331429,22.699124672538336,1375.0546,40.594013,3927.034555457969,1
103.63400800515599,22.4282826143763,2192.7888,40.58062,6520.011354257973,1
103.67712713879374,22.48811041229866,1043.1769,34.150486,747.4437293048786,1
103.68763742761793,22.585397957568805,1198.6741,33.180576,2014.641991747131,1
103.68763742761793,22.611808426921918,2702.203,38.513935,3680.0641172742326,1
103.85634103797558,22.44526077324616,770.0842,34.29217,3261.4712971614026,1
103.62457569467274,22.688883878299375,1593.6907,50.711372,5150.425794989798,1
103.59735674156391,22.588092903421163,2428.4182,43.87698,3466.5674267483096,1
103.73938038798322,22.591057343858758,1455.849,72.456314,2998.4682863157263,1
103.90565854707374,22.425587668523942,1104.854,32.447178,444.60166650810976,1
103.76983327611487,22.57327070123319,638.12714,43.505306,582.0874143633911,1
103.78330800537665,22.589979365517816,367.8805,35.53448,513.9125254385651,1
103.80756251804789,22.528804094669276,1040.1603,40.542812,5616.191930722801,1
103.6024771386834,22.46547286713885,2179.363,36.688892,5405.760136955299,1
103.70461558648779,22.42963008730248,2107.8665,49.82672,1844.2021274934914,1
103.59250583902967,22.60075914892725,2451.4526,51.519943,2238.3544524904814,1
103.66715583914001,22.46951528591739,1106.5231,34.87985,1854.623953723255,1
103.66877280665142,22.606688029802438,1617.3063,37.76642,1786.9091110013082,1
103.87547515352732,22.544704275198193,183.61618,31.957125,393.4707925436903,1
103.59223634444443,22.452806621632764,2157.1453,37.620735,6710.356842381748,1
103.60382461160958,22.503471603657104,2471.921,36.532257,1292.379609501946,1
103.61702984628613,22.497542722781915,1835.8218,31.744686,1928.1715040174429,1
103.59708724697869,22.54093135100489,2360.124,31.278688,2094.212657097424,1
103.89514825824953,22.460621964604602,902.9366,31.966187,2176.2307584234763,1
103.63508598349694,22.48433748810536,1430.5645,32.304466,1528.4104803484104,1
103.72482768038047,22.43097756022866,1901.6294,44.63686,98.62145205329104,1
103.54884771622146,22.589979365517816,2393.7732,33.207153,3607.3366136504096,1
103.69895620019784,22.53688893222635,804.6273,35.288734,444.529576858859,1
103.63427749974123,22.504819076583285,1846.4608,40.577034,497.13115252240175,1
103.78276901620619,22.531499040521634,753.4029,30.913334,4105.869109226594,1
103.58064807727929,22.572192722892247,2123.3987,35.353336,4085.14445803086,1
103.61217894375189,22.691578824151733,1600.7511,37.401104,4169.070166933519,1
103.58765493649543,22.636062939593145,1370.8153,33.234127,336.5906028500773,1
103.63912840227547,22.74386077368749,892.4221,30.017849,3341.480064046972,1
103.60032118200151,22.437714924859556,2258.852,31.966066,7490.2665941013665,1
103.60921450331429,22.419389293063517,2787.816,31.965971,8503.904992259719,1
103.81079645307072,22.466550845479794,1028.5935,35.6562,3754.290644164184,1
103.82993056862246,22.52718712715786,715.60126,32.275124,4463.58991890473,1
103.88868038820388,22.441218354467622,1381.4769,42.030334,901.0600476869251,1
103.72752262623284,22.542278823931067,722.0204,51.420135,278.2012173261963,1
103.68251703049845,22.443104816564272,1788.3289,30.361689,4319.076146072491,1
103.86011396216888,22.495117271514793,991.64087,40.966045,890.112212213244,1
103.77630114616052,22.58970987093258,312.6619,37.613068,167.78141393959663,1
103.6445182939802,22.52395319213503,1458.3928,36.208473,1621.546207554839,1
103.64640475607685,22.483529004349652,1178.1115,33.026638,571.7066366672219,1
103.58415150688737,22.59240481678494,2502.1243,30.81961,2687.621585721141,1
103.73345150710803,22.50778351702088,907.5605,39.071964,3172.287593619261,1
103.61864681379755,22.715024853067252,1115.7441,32.24998,3557.9670397923187,1
103.60759753580288,22.44984218119517,1973.0535,32.299683,6033.3314458524255,1
103.581456561035,22.447686224513284,2681.9775,38.71298,7359.87519075321,1
103.63050457554793,22.72095373394244,653.23553,33.283424,4149.129483236316,1
103.70946648902203,22.636062939593145,1344.2661,31.762598,4817.238780526688,1
103.63266053222982,22.755179546267396,621.4928,35.9141,2388.1447949975072,1
103.73075656125566,22.48299001517918,1052.8108,33.710262,4299.302656998195,1
103.84583074915138,22.466550845479794,561.7814,32.512203,1892.9134103443512,1
103.7054240702435,22.466011856309322,1461.634,33.37281,4220.8755561244125,1
103.66769482831047,22.55251961817003,1222.9421,40.096546,1614.5603597852526,1
103.60598056829147,22.620971242819937,2012.0835,47.018154,1175.9483907849183,1
103.8045980776103,22.50454958199805,1677.4502,36.304893,4042.862065461129,1
103.6032856224391,22.738201387397535,464.62405,41.471973,814.4725488450714,1
103.85822750007223,22.55332810192574,283.52573,33.359756,2081.6826195212598,1
103.89919067702807,22.43663694651861,1308.3962,33.185753,330.4130567646708,1
103.64667425066207,22.746825214125085,634.2582,31.785017,3256.834315136839,1
103.59466179571156,22.52988207301022,2652.4236,36.661522,909.9008822903751,1
103.68844591137363,22.628517091206543,1909.9714,36.58561,4932.304734569583,1
103.64856071275872,22.672714203185222,1722.4673,35.314903,7142.890268209135,1
103.63805042393453,22.728499582329047,667.85834,37.91752,4165.1105783311195,1
103.66284392577623,22.420736765989698,1712.9265,31.777771,6086.3162820948855,1
103.63077407013316,22.595099762637297,2244.0398,33.427452,1818.6584327179582,1
103.75177713890406,22.593213300540643,999.7146,42.391293,2086.7115678460273,1
103.67200674167425,22.611808426921918,2126.6565,52.064754,2430.716886559571,1
103.71809031574958,22.537427921396823,703.21893,35.839787,188.56595715885393,1
103.63319952140029,22.444452289490453,2148.621,31.517494,4881.11754418445,1
103.62268923257609,22.588092903421163,2076.6719,32.001385,2461.712796176461,1
103.7701027707001,22.558717993630456,1048.5216,40.060467,1533.4850580884395,1
103.576875153086,22.576504636256022,2574.3481,64.02671,4381.609242578201,1
103.62134175964991,22.692117813322206,1318.4662,32.316483,5006.717803901565,1
103.73884139881274,22.49862070112286,951.1252,31.321764,4059.7169001620596,1
103.67146775250377,22.727691098573338,670.65015,40.11399,2973.800263145079,1
103.6167603517009,22.733889474033763,706.71204,38.397602,2150.0204593581825,1
103.81322190433784,22.556292542363334,402.9981,34.54325,5232.172634522062,1
103.78627244581425,22.547938210221023,502.60535,32.72044,3508.0293332850993,1
103.59520078488202,22.429899581887717,2722.9792,33.58136,8474.506125591925,1
103.70030367312401,22.578121603767435,1592.0255,40.578632,2514.8035689406647,1
103.6453267777359,22.682146513668478,1789.3069,50.50368,6986.213459531344,1
103.8587664892427,22.471671242599275,469.96844,31.351421,479.4494776963268,1
103.57175475596651,22.48029506932682,2183.3196,33.42171,4220.0660282305225,1
103.92425367345501,22.440140376126678,666.9929,41.68505,160.7377345386221,1
103.5701377884551,22.571384239136542,2475.4841,30.900078,5016.390605659848,1
103.86981576723737,22.518563300430312,437.9672,30.281708,2836.1654122043997,1
103.69976468395355,22.61369488901857,2471.945,31.45413,4802.777845627444,1
103.6536811098782,22.51802431125984,1541.75,48.21573,1495.5064633484753,1
103.69599175976025,22.6379494016898,1713.8029,40.77521,6183.17705290816,1
103.69087136264076,22.730655539010932,374.5159,35.527794,1471.3793155235444,1
103.77630114616052,22.56572485284659,1177.8591,43.60357,1511.9142419565367,1
103.63158255388888,22.441757343638095,2244.6023,32.247448,5221.9994383655885,1
103.60301612785388,22.741435322420365,607.49054,41.391003,621.5477414477987,1
103.64101486437212,22.59078784927352,1746.8068,33.422832,1347.5151142399577,1
103.75096865514836,22.6454952500764,652.58734,32.895344,714.1108428806682,1
103.8482562004185,22.440409870711914,951.2302,32.846138,4015.84967669161,1
103.86092244592459,22.537427921396823,506.91528,41.704967,2063.7526917632717,1
103.79004537000756,22.492961314832908,1946.2709,50.113663,5112.821965676232,1
103.6280791242808,22.60803550272862,1945.8907,35.687504,1937.4074262601,1
103.81429988267878,22.525031170475973,1266.2782,32.323788,4883.1305037082675,1
